N,avg_tf_seq,avg_tf_PyCUDA
10,0.2671765000013693,0.12342790999696263
20,1.0684406000035551,0.1164218400037953
30,2.4163875699991877,0.14636441999755334
40,4.21928904999902,0.1736095900031387
50,6.576416319996952,0.1671703400000979
60,9.476412359998108,0.17743218000077832
70,12.954855990000738,0.18645358000128454
80,16.856595200001152,0.21431154000254082
90,21.337495259997468,0.2106661099981011
