N,Sequential,PyCUDA,ProcessPool,ThreadPool
10,0.2630005099581467,0.13875184998141776,28.774727790041652,0.5708114999742975
20,0.6543128749899552,0.1369432549972771,30.38822128000902,2.2841835000144783
30,1.2205948599967087,0.1415952999741421,31.880484013336172,4.878012716674978
40,1.9630381424940424,0.14625619246999122,33.59744111250848,6.188184395009557
50,2.8849368559858704,0.15180440198309952,36.12461698600964,7.613870332010265
60,3.9755942766441876,0.15631731498918575,38.7513087883508,10.911799570011075
70,5.225907527120788,0.16526750855518912,41.90937593143384,14.070142905728583
80,6.650268683738432,0.17258845748415297,45.32793776000858,18.769726455012687
90,8.266991861096862,0.17740356665752996,48.69088838889992,21.215709281124063
